id,name,model_id,group_id/id,operation,domain
access_is_region,access_is_region,is.region,sales_team.group_sale_manager,crud,
access_is_secteur_activite,access_is_secteur_activite,is.secteur.activite,sales_team.group_sale_manager,crud,
access_is_type_prestation,access_is_type_prestation,is.type.prestation,sales_team.group_sale_manager,crud,
access_is_nacelle,access_is_nacelle,is.nacelle,sales_team.group_sale_manager,crud,
access_is_equipe,access_is_equipe,is.equipe,sales_team.group_sale_manager,crud,
access_is_equipe_base,access_is_equipe_base,is.equipe,base.group_user,r,
access_is_sale_order_planning,access_is_sale_order_planning,is.sale.order.planning,sales_team.group_sale_manager,crud,
access_is_sale_order_zone,access_is_sale_order_zone,is.sale.order.zone,sales_team.group_sale_manager,crud,
access_is_sale_order_zone_base,access_is_sale_order_zone_base,is.sale.order.zone,base.group_user,r,
access_is_creation_planning,access_is_creation_planning,is.creation.planning,sales_team.group_sale_manager,crud,
access_is_creation_planning_chef,access_is_creation_planning_chef,is.creation.planning,is_france_filets20.is_chef_secteur_group,r,
access_is_equipe_absence,access_is_equipe_absence,is.equipe.absence,sales_team.group_sale_manager,crud,
access_is_equipe_message,access_is_equipe_message,is.equipe.message,sales_team.group_sale_manager,crud,
access_is_creation_planning_preparation,access_is_creation_planning_preparation,is.creation.planning.preparation,sales_team.group_sale_manager,crud,
is_planning_access,Accès à tous les plannings pour le responsable des ventes,is.planning,sales_team.group_sale_manager,crud,
is_planning_base_access,Accès aux planning de son équipe,is.planning,base.group_user,r,"[('equipe_id.user_id.id','=',user.id)]"
is_planning_chef_secteur_access,Accès aux plannings du chef de secteur,is.planning,base.group_user,r,"[('equipe_id.chef_secteur_id.id','=',user.id)]"
access_is_planning_line,access_is_planning_line,is.planning.line,sales_team.group_sale_manager,crud,
access_is_planning_line_base,access_is_planning_line_base,is.planning.line,base.group_user,r,
is_chantier_access,Accès à tous les chantiers pour le responsable des ventes,is.chantier,sales_team.group_sale_manager,crud,
is_chantier_base_access,Accès aux chantiers au chef d'équipe,is.chantier,base.group_user,ru,"[('user_ids','in',user.id)]"
is_chantier_chef_secteur_access,Accès aux chantiers au chef de secteur,is.chantier,base.group_user,ru,"[('chef_secteur_ids','in',user.id)]"
access_is_chantier_planning,access_is_chantier_planning,is.chantier.planning,sales_team.group_sale_manager,crud,
access_is_chantier_planning_base,access_is_chantier_planning_base,is.chantier.planning,base.group_user,ru,
access_is_export_compta,access_is_export_compta,is.export.compta,sales_team.group_sale_manager,crud,
access_is_export_compta_ligne,access_is_export_compta_ligne,is.export.compta.ligne,sales_team.group_sale_manager,crud,
access_is_origine,access_is_origine,is.origine,sales_team.group_sale_manager,crud,
access_is_motif_archivage,access_is_motif_archivage,is.motif.archivage,sales_team.group_sale_manager,crud,
access_is_sale_order_line,access_is_sale_order_line,is.sale.order.line,sales_team.group_sale_manager,r,
access_is_controle_gestion,access_is_controle_gestion,is.controle.gestion,sales_team.group_sale_manager,crud,
access_is_sale_order_controle_gestion,access_is_sale_order_controle_gestion,is.sale.order.controle.gestion,sales_team.group_sale_manager,crud,
access_is_filet,access_is_filet,is.filet,base.group_user,crud,
access_is_filet_mouvement,access_is_filet_mouvement,is.filet.mouvement,base.group_user,crud,
access_is_suivi_budget,access_is_suivi_budget,is.suivi.budget,sales_team.group_sale_manager,crud,
access_is_suivi_budget_mois,access_is_suivi_budget_mois,is.suivi.budget.mois,sales_team.group_sale_manager,crud,
access_is_suivi_budget_top_client,access_is_suivi_budget_top_client,is.suivi.budget.top.client,sales_team.group_sale_manager,crud,
access_is_suivi_budget_secteur_activite,access_is_suivi_budget_secteur_activite,is.suivi.budget.secteur.activite,sales_team.group_sale_manager,crud,
access_is_res_partner,access_is_res_partner,is.res.partner,sales_team.group_sale_manager,r,
access_is_groupe_client,access_is_groupe_client,is.groupe.client,sales_team.group_sale_manager,crud,
access_is_suivi_budget_groupe_client,access_is_suivi_budget_groupe_client,is.suivi.budget.groupe.client,sales_team.group_sale_manager,crud,
access_is_planning_pdf,access_is_planning_pdf,is.planning.pdf,base.group_user,cd,
is_planning_pdf_access,Accès uniquement à ses planning PDF,is.planning.pdf,base.group_user,ru,"[('user_id.id','=',user.id)]"
access_is_departement,access_is_departement,is.departement,base.group_user,r,
access_is_departement_manager,access_is_departement_manager,is.departement,sales_team.group_sale_manager,crud,
access_is_chantier_document,access_is_chantier_document,is.chantier.document,base.group_user,crud,
access_is_type_document,access_is_type_document,is.type.document,is_france_filets20.is_chef_secteur_group,r,
access_is_type_document_manager,access_is_type_document_manager,is.type.document,sales_team.group_sale_manager,crud,
access_is_document_employe,access_is_document_employe,is.document.employe,is_france_filets20.is_chef_secteur_group,crud,
access_hr_employee_chef_secteur,access_hr_employee_chef_secteur,hr.employee,is_france_filets20.is_chef_secteur_group,r,
access_res_partner_title_user,access_res_partner_title_user,res.partner.title,base.group_user,r,
access_res_partner_title_manager,access_res_partner_title_manager,res.partner.title,base.group_partner_manager,crud,
